"element","set","present"
"E01","ATAC",1
"E02","ATAC",1
"E03","ATAC",0
"E04","ATAC",1
"E05","ATAC",1
"E06","ATAC",1
"E07","ATAC",1
"E08","ATAC",0
"E09","ATAC",0
"E10","ATAC",0
"E11","ATAC",1
"E12","ATAC",0
"E13","ATAC",1
"E14","ATAC",1
"E15","ATAC",1
"E16","ATAC",1
"E17","ATAC",0
"E18","ATAC",1
"E19","ATAC",1
"E20","ATAC",0
"E21","ATAC",1
"E22","ATAC",0
"E23","ATAC",1
"E24","ATAC",0
"E25","ATAC",0
"E26","ATAC",1
"E27","ATAC",1
"E28","ATAC",0
"E29","ATAC",0
"E30","ATAC",0
"E31","ATAC",0
"E32","ATAC",1
"E33","ATAC",1
"E34","ATAC",0
"E35","ATAC",0
"E36","ATAC",1
"E37","ATAC",1
"E38","ATAC",1
"E39","ATAC",1
"E40","ATAC",0
"E41","ATAC",0
"E42","ATAC",0
"E43","ATAC",1
"E44","ATAC",1
"E45","ATAC",0
"E46","ATAC",1
"E47","ATAC",1
"E48","ATAC",1
"E49","ATAC",1
"E50","ATAC",1
"E51","ATAC",0
"E52","ATAC",1
"E53","ATAC",0
"E54","ATAC",1
"E55","ATAC",0
"E56","ATAC",1
"E57","ATAC",0
"E58","ATAC",1
"E59","ATAC",1
"E60","ATAC",0
"E61","ATAC",1
"E62","ATAC",0
"E63","ATAC",0
"E64","ATAC",1
"E65","ATAC",1
"E66","ATAC",0
"E67","ATAC",0
"E68","ATAC",1
"E69","ATAC",1
"E70","ATAC",1
"E71","ATAC",1
"E72","ATAC",1
"E73","ATAC",1
"E74","ATAC",0
"E75","ATAC",1
"E76","ATAC",0
"E77","ATAC",0
"E78","ATAC",1
"E79","ATAC",1
"E80","ATAC",0
"E01","H3K27ac",0
"E02","H3K27ac",1
"E03","H3K27ac",1
"E04","H3K27ac",1
"E05","H3K27ac",1
"E06","H3K27ac",1
"E07","H3K27ac",1
"E08","H3K27ac",0
"E09","H3K27ac",0
"E10","H3K27ac",0
"E11","H3K27ac",0
"E12","H3K27ac",0
"E13","H3K27ac",1
"E14","H3K27ac",0
"E15","H3K27ac",1
"E16","H3K27ac",0
"E17","H3K27ac",0
"E18","H3K27ac",0
"E19","H3K27ac",0
"E20","H3K27ac",1
"E21","H3K27ac",0
"E22","H3K27ac",0
"E23","H3K27ac",1
"E24","H3K27ac",0
"E25","H3K27ac",0
"E26","H3K27ac",1
"E27","H3K27ac",0
"E28","H3K27ac",1
"E29","H3K27ac",1
"E30","H3K27ac",1
"E31","H3K27ac",1
"E32","H3K27ac",1
"E33","H3K27ac",1
"E34","H3K27ac",0
"E35","H3K27ac",0
"E36","H3K27ac",1
"E37","H3K27ac",0
"E38","H3K27ac",0
"E39","H3K27ac",1
"E40","H3K27ac",1
"E41","H3K27ac",1
"E42","H3K27ac",1
"E43","H3K27ac",0
"E44","H3K27ac",1
"E45","H3K27ac",0
"E46","H3K27ac",0
"E47","H3K27ac",1
"E48","H3K27ac",1
"E49","H3K27ac",1
"E50","H3K27ac",1
"E51","H3K27ac",1
"E52","H3K27ac",1
"E53","H3K27ac",0
"E54","H3K27ac",0
"E55","H3K27ac",1
"E56","H3K27ac",0
"E57","H3K27ac",1
"E58","H3K27ac",1
"E59","H3K27ac",0
"E60","H3K27ac",0
"E61","H3K27ac",1
"E62","H3K27ac",1
"E63","H3K27ac",1
"E64","H3K27ac",1
"E65","H3K27ac",1
"E66","H3K27ac",0
"E67","H3K27ac",1
"E68","H3K27ac",1
"E69","H3K27ac",1
"E70","H3K27ac",1
"E71","H3K27ac",1
"E72","H3K27ac",1
"E73","H3K27ac",1
"E74","H3K27ac",1
"E75","H3K27ac",1
"E76","H3K27ac",1
"E77","H3K27ac",1
"E78","H3K27ac",0
"E79","H3K27ac",0
"E80","H3K27ac",1
"E01","H3K4me3",0
"E02","H3K4me3",1
"E03","H3K4me3",0
"E04","H3K4me3",0
"E05","H3K4me3",0
"E06","H3K4me3",0
"E07","H3K4me3",1
"E08","H3K4me3",0
"E09","H3K4me3",0
"E10","H3K4me3",1
"E11","H3K4me3",1
"E12","H3K4me3",0
"E13","H3K4me3",1
"E14","H3K4me3",1
"E15","H3K4me3",0
"E16","H3K4me3",0
"E17","H3K4me3",0
"E18","H3K4me3",1
"E19","H3K4me3",1
"E20","H3K4me3",0
"E21","H3K4me3",0
"E22","H3K4me3",0
"E23","H3K4me3",0
"E24","H3K4me3",0
"E25","H3K4me3",1
"E26","H3K4me3",0
"E27","H3K4me3",0
"E28","H3K4me3",0
"E29","H3K4me3",1
"E30","H3K4me3",1
"E31","H3K4me3",1
"E32","H3K4me3",1
"E33","H3K4me3",1
"E34","H3K4me3",0
"E35","H3K4me3",1
"E36","H3K4me3",0
"E37","H3K4me3",0
"E38","H3K4me3",0
"E39","H3K4me3",0
"E40","H3K4me3",0
"E41","H3K4me3",0
"E42","H3K4me3",0
"E43","H3K4me3",1
"E44","H3K4me3",1
"E45","H3K4me3",1
"E46","H3K4me3",0
"E47","H3K4me3",0
"E48","H3K4me3",1
"E49","H3K4me3",1
"E50","H3K4me3",1
"E51","H3K4me3",0
"E52","H3K4me3",0
"E53","H3K4me3",1
"E54","H3K4me3",1
"E55","H3K4me3",0
"E56","H3K4me3",1
"E57","H3K4me3",1
"E58","H3K4me3",0
"E59","H3K4me3",1
"E60","H3K4me3",0
"E61","H3K4me3",0
"E62","H3K4me3",0
"E63","H3K4me3",0
"E64","H3K4me3",0
"E65","H3K4me3",1
"E66","H3K4me3",1
"E67","H3K4me3",0
"E68","H3K4me3",1
"E69","H3K4me3",1
"E70","H3K4me3",0
"E71","H3K4me3",1
"E72","H3K4me3",0
"E73","H3K4me3",0
"E74","H3K4me3",1
"E75","H3K4me3",1
"E76","H3K4me3",1
"E77","H3K4me3",0
"E78","H3K4me3",0
"E79","H3K4me3",0
"E80","H3K4me3",1
"E01","CTCF",1
"E02","CTCF",1
"E03","CTCF",0
"E04","CTCF",0
"E05","CTCF",0
"E06","CTCF",1
"E07","CTCF",0
"E08","CTCF",0
"E09","CTCF",0
"E10","CTCF",0
"E11","CTCF",0
"E12","CTCF",0
"E13","CTCF",1
"E14","CTCF",0
"E15","CTCF",0
"E16","CTCF",0
"E17","CTCF",1
"E18","CTCF",0
"E19","CTCF",0
"E20","CTCF",0
"E21","CTCF",0
"E22","CTCF",0
"E23","CTCF",0
"E24","CTCF",0
"E25","CTCF",1
"E26","CTCF",1
"E27","CTCF",0
"E28","CTCF",1
"E29","CTCF",0
"E30","CTCF",0
"E31","CTCF",0
"E32","CTCF",0
"E33","CTCF",0
"E34","CTCF",0
"E35","CTCF",0
"E36","CTCF",1
"E37","CTCF",1
"E38","CTCF",0
"E39","CTCF",0
"E40","CTCF",0
"E41","CTCF",0
"E42","CTCF",1
"E43","CTCF",1
"E44","CTCF",1
"E45","CTCF",0
"E46","CTCF",0
"E47","CTCF",1
"E48","CTCF",0
"E49","CTCF",1
"E50","CTCF",1
"E51","CTCF",1
"E52","CTCF",0
"E53","CTCF",0
"E54","CTCF",0
"E55","CTCF",0
"E56","CTCF",0
"E57","CTCF",0
"E58","CTCF",0
"E59","CTCF",0
"E60","CTCF",0
"E61","CTCF",0
"E62","CTCF",1
"E63","CTCF",0
"E64","CTCF",1
"E65","CTCF",1
"E66","CTCF",0
"E67","CTCF",0
"E68","CTCF",0
"E69","CTCF",1
"E70","CTCF",1
"E71","CTCF",0
"E72","CTCF",1
"E73","CTCF",0
"E74","CTCF",0
"E75","CTCF",1
"E76","CTCF",1
"E77","CTCF",0
"E78","CTCF",1
"E79","CTCF",1
"E80","CTCF",0
"E01","RNA",0
"E02","RNA",1
"E03","RNA",0
"E04","RNA",1
"E05","RNA",1
"E06","RNA",0
"E07","RNA",1
"E08","RNA",0
"E09","RNA",0
"E10","RNA",1
"E11","RNA",1
"E12","RNA",1
"E13","RNA",1
"E14","RNA",0
"E15","RNA",1
"E16","RNA",0
"E17","RNA",0
"E18","RNA",0
"E19","RNA",0
"E20","RNA",1
"E21","RNA",0
"E22","RNA",0
"E23","RNA",1
"E24","RNA",0
"E25","RNA",0
"E26","RNA",1
"E27","RNA",1
"E28","RNA",1
"E29","RNA",0
"E30","RNA",1
"E31","RNA",1
"E32","RNA",1
"E33","RNA",1
"E34","RNA",0
"E35","RNA",0
"E36","RNA",1
"E37","RNA",1
"E38","RNA",0
"E39","RNA",0
"E40","RNA",1
"E41","RNA",0
"E42","RNA",0
"E43","RNA",1
"E44","RNA",0
"E45","RNA",1
"E46","RNA",0
"E47","RNA",1
"E48","RNA",0
"E49","RNA",0
"E50","RNA",1
"E51","RNA",0
"E52","RNA",0
"E53","RNA",0
"E54","RNA",0
"E55","RNA",1
"E56","RNA",1
"E57","RNA",1
"E58","RNA",0
"E59","RNA",0
"E60","RNA",0
"E61","RNA",1
"E62","RNA",1
"E63","RNA",0
"E64","RNA",0
"E65","RNA",1
"E66","RNA",0
"E67","RNA",0
"E68","RNA",1
"E69","RNA",1
"E70","RNA",1
"E71","RNA",1
"E72","RNA",0
"E73","RNA",1
"E74","RNA",0
"E75","RNA",1
"E76","RNA",0
"E77","RNA",1
"E78","RNA",0
"E79","RNA",0
"E80","RNA",0
